{"R": 122.51196895943278, "G": 112.97496835160929, "B": 111.28906156832014}